Position,Locality,Refugia,temperature,allele_frequency,isothermality,max_temperature,precipitation
350255,Cirencester,Britain,9.2,0.111111,38.62,19.2,814.7
9477165,Cirencester,Britain,9.2,0,38.62,19.2,814.7
9793482,Cirencester,Britain,9.2,0,38.62,19.2,814.7
10676409,Cirencester,Britain,9.2,0,38.62,19.2,814.7
10810391,Cirencester,Britain,9.2,0,38.62,19.2,814.7
11508826,Cirencester,Britain,9.2,0.25,38.62,19.2,814.7
12068134,Cirencester,Britain,9.2,0.2,38.62,19.2,814.7
13289976,Cirencester,Britain,9.2,0,38.62,19.2,814.7
16105213,Cirencester,Britain,9.2,0.05,38.62,19.2,814.7
16214629,Cirencester,Britain,9.2,0.75,38.62,19.2,814.7
26962792,Cirencester,Britain,9.2,0,38.62,19.2,814.7
28922465,Cirencester,Britain,9.2,0.15,38.62,19.2,814.7
35142380,Cirencester,Britain,9.2,0,38.62,19.2,814.7
43474372,Cirencester,Britain,9.2,0,38.62,19.2,814.7
43666038,Cirencester,Britain,9.2,0.15,38.62,19.2,814.7
47927252,Cirencester,Britain,9.2,0.111111,38.62,19.2,814.7
51618018,Cirencester,Britain,9.2,0.75,38.62,19.2,814.7
53503031,Cirencester,Britain,9.2,0,38.62,19.2,814.7
59300315,Cirencester,Britain,9.2,0,38.62,19.2,814.7
63835919,Cirencester,Britain,9.2,0.65,38.62,19.2,814.7
67840823,Cirencester,Britain,9.2,0,38.62,19.2,814.7
77102686,Cirencester,Britain,9.2,0.1,38.62,19.2,814.7
77933765,Cirencester,Britain,9.2,0.2,38.62,19.2,814.7
99366820,Cirencester,Britain,9.2,0,38.62,19.2,814.7
108631189,Cirencester,Britain,9.2,0,38.62,19.2,814.7
350255,Dalby,Britain,8.15,0.5,35.7,17.1,747
9477165,Dalby,Britain,8.15,0.5,35.7,17.1,747
9793482,Dalby,Britain,8.15,0,35.7,17.1,747
10676409,Dalby,Britain,8.15,0,35.7,17.1,747
10810391,Dalby,Britain,8.15,0,35.7,17.1,747
11508826,Dalby,Britain,8.15,0.285714,35.7,17.1,747
12068134,Dalby,Britain,8.15,0,35.7,17.1,747
13289976,Dalby,Britain,8.15,0,35.7,17.1,747
16105213,Dalby,Britain,8.15,0,35.7,17.1,747
16214629,Dalby,Britain,8.15,0,35.7,17.1,747
26962792,Dalby,Britain,8.15,0,35.7,17.1,747
28922465,Dalby,Britain,8.15,0.3125,35.7,17.1,747
35142380,Dalby,Britain,8.15,0,35.7,17.1,747
43474372,Dalby,Britain,8.15,0,35.7,17.1,747
43666038,Dalby,Britain,8.15,0.357143,35.7,17.1,747
47927252,Dalby,Britain,8.15,0,35.7,17.1,747
51618018,Dalby,Britain,8.15,0.5625,35.7,17.1,747
53503031,Dalby,Britain,8.15,0,35.7,17.1,747
59300315,Dalby,Britain,8.15,0,35.7,17.1,747
63835919,Dalby,Britain,8.15,0,35.7,17.1,747
67840823,Dalby,Britain,8.15,0.25,35.7,17.1,747
77102686,Dalby,Britain,8.15,0.625,35.7,17.1,747
77933765,Dalby,Britain,8.15,0.0625,35.7,17.1,747
99366820,Dalby,Britain,8.15,0,35.7,17.1,747
108631189,Dalby,Britain,8.15,0,35.7,17.1,747
350255,Diptford,Britain,10.21,0,40.35,19.1,1040.8
9477165,Diptford,Britain,10.21,0,40.35,19.1,1040.8
9793482,Diptford,Britain,10.21,0,40.35,19.1,1040.8
10676409,Diptford,Britain,10.21,0,40.35,19.1,1040.8
10810391,Diptford,Britain,10.21,0.75,40.35,19.1,1040.8
11508826,Diptford,Britain,10.21,0.25,40.35,19.1,1040.8
12068134,Diptford,Britain,10.21,0.222222,40.35,19.1,1040.8
13289976,Diptford,Britain,10.21,0.111111,40.35,19.1,1040.8
16105213,Diptford,Britain,10.21,0.1,40.35,19.1,1040.8
16214629,Diptford,Britain,10.21,1,40.35,19.1,1040.8
26962792,Diptford,Britain,10.21,0,40.35,19.1,1040.8
28922465,Diptford,Britain,10.21,0.8,40.35,19.1,1040.8
35142380,Diptford,Britain,10.21,0.65,40.35,19.1,1040.8
43474372,Diptford,Britain,10.21,0,40.35,19.1,1040.8
43666038,Diptford,Britain,10.21,0,40.35,19.1,1040.8
47927252,Diptford,Britain,10.21,0.65,40.35,19.1,1040.8
51618018,Diptford,Britain,10.21,0.15,40.35,19.1,1040.8
53503031,Diptford,Britain,10.21,0,40.35,19.1,1040.8
59300315,Diptford,Britain,10.21,0.25,40.35,19.1,1040.8
63835919,Diptford,Britain,10.21,0.9,40.35,19.1,1040.8
67840823,Diptford,Britain,10.21,0.1,40.35,19.1,1040.8
77102686,Diptford,Britain,10.21,0.9,40.35,19.1,1040.8
77933765,Diptford,Britain,10.21,0.222222,40.35,19.1,1040.8
99366820,Diptford,Britain,10.21,0,40.35,19.1,1040.8
108631189,Diptford,Britain,10.21,0.2,40.35,19.1,1040.8
350255,Doncaster,Britain,9.55,0.05,38.34,19.6,593.5
9477165,Doncaster,Britain,9.55,0.15,38.34,19.6,593.5
9793482,Doncaster,Britain,9.55,0,38.34,19.6,593.5
10676409,Doncaster,Britain,9.55,0,38.34,19.6,593.5
10810391,Doncaster,Britain,9.55,0,38.34,19.6,593.5
11508826,Doncaster,Britain,9.55,0.6,38.34,19.6,593.5
12068134,Doncaster,Britain,9.55,0.05,38.34,19.6,593.5
13289976,Doncaster,Britain,9.55,0,38.34,19.6,593.5
16105213,Doncaster,Britain,9.55,0,38.34,19.6,593.5
16214629,Doncaster,Britain,9.55,0.166667,38.34,19.6,593.5
26962792,Doncaster,Britain,9.55,0,38.34,19.6,593.5
28922465,Doncaster,Britain,9.55,0.1,38.34,19.6,593.5
35142380,Doncaster,Britain,9.55,0,38.34,19.6,593.5
43474372,Doncaster,Britain,9.55,0,38.34,19.6,593.5
43666038,Doncaster,Britain,9.55,0,38.34,19.6,593.5
47927252,Doncaster,Britain,9.55,0,38.34,19.6,593.5
51618018,Doncaster,Britain,9.55,0.7,38.34,19.6,593.5
53503031,Doncaster,Britain,9.55,0,38.34,19.6,593.5
59300315,Doncaster,Britain,9.55,0,38.34,19.6,593.5
63835919,Doncaster,Britain,9.55,0.1,38.34,19.6,593.5
67840823,Doncaster,Britain,9.55,0.05,38.34,19.6,593.5
77102686,Doncaster,Britain,9.55,0.2,38.34,19.6,593.5
77933765,Doncaster,Britain,9.55,0.1,38.34,19.6,593.5
99366820,Doncaster,Britain,9.55,0,38.34,19.6,593.5
108631189,Doncaster,Britain,9.55,0.05,38.34,19.6,593.5
350255,Heslington,Britain,9.22,0.45,38.68,18.9,588
9477165,Heslington,Britain,9.22,0,38.68,18.9,588
9793482,Heslington,Britain,9.22,0,38.68,18.9,588
10676409,Heslington,Britain,9.22,0,38.68,18.9,588
10810391,Heslington,Britain,9.22,0,38.68,18.9,588
11508826,Heslington,Britain,9.22,0.9,38.68,18.9,588
12068134,Heslington,Britain,9.22,0,38.68,18.9,588
13289976,Heslington,Britain,9.22,0,38.68,18.9,588
16105213,Heslington,Britain,9.22,0,38.68,18.9,588
16214629,Heslington,Britain,9.22,0.3,38.68,18.9,588
26962792,Heslington,Britain,9.22,0,38.68,18.9,588
28922465,Heslington,Britain,9.22,0.2,38.68,18.9,588
35142380,Heslington,Britain,9.22,0,38.68,18.9,588
43474372,Heslington,Britain,9.22,0,38.68,18.9,588
43666038,Heslington,Britain,9.22,0.1,38.68,18.9,588
47927252,Heslington,Britain,9.22,0,38.68,18.9,588
51618018,Heslington,Britain,9.22,0.8,38.68,18.9,588
53503031,Heslington,Britain,9.22,0,38.68,18.9,588
59300315,Heslington,Britain,9.22,0,38.68,18.9,588
63835919,Heslington,Britain,9.22,0.15,38.68,18.9,588
67840823,Heslington,Britain,9.22,0,38.68,18.9,588
77102686,Heslington,Britain,9.22,0.35,38.68,18.9,588
77933765,Heslington,Britain,9.22,0,38.68,18.9,588
99366820,Heslington,Britain,9.22,0,38.68,18.9,588
108631189,Heslington,Britain,9.22,0,38.68,18.9,588
350255,Hill,Britain,9.96,0,39.37,18.4,1120
9477165,Hill,Britain,9.96,0,39.37,18.4,1120
9793482,Hill,Britain,9.96,0,39.37,18.4,1120
10676409,Hill,Britain,9.96,0,39.37,18.4,1120
10810391,Hill,Britain,9.96,0.333333,39.37,18.4,1120
11508826,Hill,Britain,9.96,0.166667,39.37,18.4,1120
12068134,Hill,Britain,9.96,0.333333,39.37,18.4,1120
13289976,Hill,Britain,9.96,0.166667,39.37,18.4,1120
16105213,Hill,Britain,9.96,0,39.37,18.4,1120
16214629,Hill,Britain,9.96,1,39.37,18.4,1120
26962792,Hill,Britain,9.96,0,39.37,18.4,1120
28922465,Hill,Britain,9.96,1,39.37,18.4,1120
35142380,Hill,Britain,9.96,0.5,39.37,18.4,1120
43474372,Hill,Britain,9.96,0,39.37,18.4,1120
43666038,Hill,Britain,9.96,0.166667,39.37,18.4,1120
47927252,Hill,Britain,9.96,0.833333,39.37,18.4,1120
51618018,Hill,Britain,9.96,0.166667,39.37,18.4,1120
53503031,Hill,Britain,9.96,0,39.37,18.4,1120
59300315,Hill,Britain,9.96,0.666667,39.37,18.4,1120
63835919,Hill,Britain,9.96,0.333333,39.37,18.4,1120
67840823,Hill,Britain,9.96,0,39.37,18.4,1120
77102686,Hill,Britain,9.96,1,39.37,18.4,1120
77933765,Hill,Britain,9.96,0,39.37,18.4,1120
99366820,Hill,Britain,9.96,0,39.37,18.4,1120
108631189,Hill,Britain,9.96,0.333333,39.37,18.4,1120
350255,Lizard,Britain,10.89,0,37.51,18.4,1055
9477165,Lizard,Britain,10.89,0,37.51,18.4,1055
9793482,Lizard,Britain,10.89,0.6,37.51,18.4,1055
10676409,Lizard,Britain,10.89,0.55,37.51,18.4,1055
10810391,Lizard,Britain,10.89,0.3,37.51,18.4,1055
11508826,Lizard,Britain,10.89,0,37.51,18.4,1055
12068134,Lizard,Britain,10.89,0.85,37.51,18.4,1055
13289976,Lizard,Britain,10.89,0.65,37.51,18.4,1055
16105213,Lizard,Britain,10.89,0.75,37.51,18.4,1055
16214629,Lizard,Britain,10.89,1,37.51,18.4,1055
26962792,Lizard,Britain,10.89,0.75,37.51,18.4,1055
28922465,Lizard,Britain,10.89,1,37.51,18.4,1055
35142380,Lizard,Britain,10.89,0.8,37.51,18.4,1055
43474372,Lizard,Britain,10.89,0.45,37.51,18.4,1055
43666038,Lizard,Britain,10.89,0,37.51,18.4,1055
47927252,Lizard,Britain,10.89,0.95,37.51,18.4,1055
51618018,Lizard,Britain,10.89,0,37.51,18.4,1055
53503031,Lizard,Britain,10.89,0.7,37.51,18.4,1055
59300315,Lizard,Britain,10.89,0.65,37.51,18.4,1055
63835919,Lizard,Britain,10.89,0.95,37.51,18.4,1055
67840823,Lizard,Britain,10.89,0,37.51,18.4,1055
77102686,Lizard,Britain,10.89,1,37.51,18.4,1055
77933765,Lizard,Britain,10.89,0.9,37.51,18.4,1055
99366820,Lizard,Britain,10.89,0.55,37.51,18.4,1055
108631189,Lizard,Britain,10.89,0.7,37.51,18.4,1055
350255,Maud,Britain,8.04,0,39.61,16.8,790
9477165,Maud,Britain,8.04,0.722222,39.61,16.8,790
9793482,Maud,Britain,8.04,0,39.61,16.8,790
10676409,Maud,Britain,8.04,0,39.61,16.8,790
10810391,Maud,Britain,8.04,0,39.61,16.8,790
11508826,Maud,Britain,8.04,0,39.61,16.8,790
12068134,Maud,Britain,8.04,0,39.61,16.8,790
13289976,Maud,Britain,8.04,0,39.61,16.8,790
16105213,Maud,Britain,8.04,0,39.61,16.8,790
16214629,Maud,Britain,8.04,0,39.61,16.8,790
26962792,Maud,Britain,8.04,0,39.61,16.8,790
28922465,Maud,Britain,8.04,0,39.61,16.8,790
35142380,Maud,Britain,8.04,0,39.61,16.8,790
43474372,Maud,Britain,8.04,0,39.61,16.8,790
43666038,Maud,Britain,8.04,0.666667,39.61,16.8,790
47927252,Maud,Britain,8.04,0,39.61,16.8,790
51618018,Maud,Britain,8.04,0,39.61,16.8,790
53503031,Maud,Britain,8.04,0,39.61,16.8,790
59300315,Maud,Britain,8.04,0,39.61,16.8,790
63835919,Maud,Britain,8.04,0.666667,39.61,16.8,790
67840823,Maud,Britain,8.04,0.444444,39.61,16.8,790
77102686,Maud,Britain,8.04,0,39.61,16.8,790
77933765,Maud,Britain,8.04,0,39.61,16.8,790
99366820,Maud,Britain,8.04,0,39.61,16.8,790
108631189,Maud,Britain,8.04,0,39.61,16.8,790
350255,Roslin,Britain,8.27,0.55,38.95,17.3,719.6
9477165,Roslin,Britain,8.27,0.7,38.95,17.3,719.6
9793482,Roslin,Britain,8.27,0,38.95,17.3,719.6
10676409,Roslin,Britain,8.27,0,38.95,17.3,719.6
10810391,Roslin,Britain,8.27,0,38.95,17.3,719.6
11508826,Roslin,Britain,8.27,0.4,38.95,17.3,719.6
12068134,Roslin,Britain,8.27,0,38.95,17.3,719.6
13289976,Roslin,Britain,8.27,0.05,38.95,17.3,719.6
16105213,Roslin,Britain,8.27,0,38.95,17.3,719.6
16214629,Roslin,Britain,8.27,0.05,38.95,17.3,719.6
26962792,Roslin,Britain,8.27,0,38.95,17.3,719.6
28922465,Roslin,Britain,8.27,0.2,38.95,17.3,719.6
35142380,Roslin,Britain,8.27,0,38.95,17.3,719.6
43474372,Roslin,Britain,8.27,0,38.95,17.3,719.6
43666038,Roslin,Britain,8.27,0.65,38.95,17.3,719.6
47927252,Roslin,Britain,8.27,0,38.95,17.3,719.6
51618018,Roslin,Britain,8.27,0.25,38.95,17.3,719.6
53503031,Roslin,Britain,8.27,0,38.95,17.3,719.6
59300315,Roslin,Britain,8.27,0,38.95,17.3,719.6
63835919,Roslin,Britain,8.27,0.05,38.95,17.3,719.6
67840823,Roslin,Britain,8.27,0.85,38.95,17.3,719.6
77102686,Roslin,Britain,8.27,0.1,38.95,17.3,719.6
77933765,Roslin,Britain,8.27,0,38.95,17.3,719.6
99366820,Roslin,Britain,8.27,0,38.95,17.3,719.6
108631189,Roslin,Britain,8.27,0,38.95,17.3,719.6
350255,Temple,Britain,9.56,0,37.33,19.6,625
9477165,Temple,Britain,9.56,0,37.33,19.6,625
9793482,Temple,Britain,9.56,0,37.33,19.6,625
10676409,Temple,Britain,9.56,0,37.33,19.6,625
10810391,Temple,Britain,9.56,0,37.33,19.6,625
11508826,Temple,Britain,9.56,0.4,37.33,19.6,625
12068134,Temple,Britain,9.56,0.25,37.33,19.6,625
13289976,Temple,Britain,9.56,0.1,37.33,19.6,625
16105213,Temple,Britain,9.56,0.3,37.33,19.6,625
16214629,Temple,Britain,9.56,0.2,37.33,19.6,625
26962792,Temple,Britain,9.56,0,37.33,19.6,625
28922465,Temple,Britain,9.56,0.2,37.33,19.6,625
35142380,Temple,Britain,9.56,0,37.33,19.6,625
43474372,Temple,Britain,9.56,0,37.33,19.6,625
43666038,Temple,Britain,9.56,0,37.33,19.6,625
47927252,Temple,Britain,9.56,0,37.33,19.6,625
51618018,Temple,Britain,9.56,0.4,37.33,19.6,625
53503031,Temple,Britain,9.56,0,37.33,19.6,625
59300315,Temple,Britain,9.56,0,37.33,19.6,625
63835919,Temple,Britain,9.56,0.2,37.33,19.6,625
67840823,Temple,Britain,9.56,0,37.33,19.6,625
77102686,Temple,Britain,9.56,0.5,37.33,19.6,625
77933765,Temple,Britain,9.56,0,37.33,19.6,625
99366820,Temple,Britain,9.56,0,37.33,19.6,625
108631189,Temple,Britain,9.56,0.1,37.33,19.6,625
350255,Thurlow,Britain,9.63,0.0714286,37.66,19.7,605
9477165,Thurlow,Britain,9.63,0,37.66,19.7,605
9793482,Thurlow,Britain,9.63,0,37.66,19.7,605
10676409,Thurlow,Britain,9.63,0,37.66,19.7,605
10810391,Thurlow,Britain,9.63,0,37.66,19.7,605
11508826,Thurlow,Britain,9.63,0.357143,37.66,19.7,605
12068134,Thurlow,Britain,9.63,0.142857,37.66,19.7,605
13289976,Thurlow,Britain,9.63,0.0714286,37.66,19.7,605
16105213,Thurlow,Britain,9.63,0.214286,37.66,19.7,605
16214629,Thurlow,Britain,9.63,0.214286,37.66,19.7,605
26962792,Thurlow,Britain,9.63,0,37.66,19.7,605
28922465,Thurlow,Britain,9.63,0.285714,37.66,19.7,605
35142380,Thurlow,Britain,9.63,0,37.66,19.7,605
43474372,Thurlow,Britain,9.63,0,37.66,19.7,605
43666038,Thurlow,Britain,9.63,0.0714286,37.66,19.7,605
47927252,Thurlow,Britain,9.63,0.0714286,37.66,19.7,605
51618018,Thurlow,Britain,9.63,0.571429,37.66,19.7,605
53503031,Thurlow,Britain,9.63,0,37.66,19.7,605
59300315,Thurlow,Britain,9.63,0,37.66,19.7,605
63835919,Thurlow,Britain,9.63,0.0714286,37.66,19.7,605
67840823,Thurlow,Britain,9.63,0,37.66,19.7,605
77102686,Thurlow,Britain,9.63,0.357143,37.66,19.7,605
77933765,Thurlow,Britain,9.63,0,37.66,19.7,605
99366820,Thurlow,Britain,9.63,0,37.66,19.7,605
108631189,Thurlow,Britain,9.63,0.071429,37.66,19.7,605
350255,Trebartha,Britain,10,0,39.71,18.5,1098
9477165,Trebartha,Britain,10,0,39.71,18.5,1098
9793482,Trebartha,Britain,10,0,39.71,18.5,1098
10676409,Trebartha,Britain,10,0,39.71,18.5,1098
10810391,Trebartha,Britain,10,0.625,39.71,18.5,1098
11508826,Trebartha,Britain,10,0,39.71,18.5,1098
12068134,Trebartha,Britain,10,0.5,39.71,18.5,1098
13289976,Trebartha,Britain,10,0,39.71,18.5,1098
16105213,Trebartha,Britain,10,0,39.71,18.5,1098
16214629,Trebartha,Britain,10,1,39.71,18.5,1098
26962792,Trebartha,Britain,10,0,39.71,18.5,1098
28922465,Trebartha,Britain,10,1,39.71,18.5,1098
35142380,Trebartha,Britain,10,0.875,39.71,18.5,1098
43474372,Trebartha,Britain,10,0,39.71,18.5,1098
43666038,Trebartha,Britain,10,0.125,39.71,18.5,1098
47927252,Trebartha,Britain,10,1,39.71,18.5,1098
51618018,Trebartha,Britain,10,0.125,39.71,18.5,1098
53503031,Trebartha,Britain,10,0,39.71,18.5,1098
59300315,Trebartha,Britain,10,0.25,39.71,18.5,1098
63835919,Trebartha,Britain,10,0.875,39.71,18.5,1098
67840823,Trebartha,Britain,10,0,39.71,18.5,1098
77102686,Trebartha,Britain,10,0.875,39.71,18.5,1098
77933765,Trebartha,Britain,10,0.5,39.71,18.5,1098
99366820,Trebartha,Britain,10,0,39.71,18.5,1098
108631189,Trebartha,Britain,10,0.25,39.71,18.5,1098
350255,Wales,Britain,9.7,0,37.7,17.9,1188.8
9477165,Wales,Britain,9.7,0.0625,37.7,17.9,1188.8
9793482,Wales,Britain,9.7,0,37.7,17.9,1188.8
10676409,Wales,Britain,9.7,0,37.7,17.9,1188.8
10810391,Wales,Britain,9.7,0,37.7,17.9,1188.8
11508826,Wales,Britain,9.7,0.375,37.7,17.9,1188.8
12068134,Wales,Britain,9.7,0.3125,37.7,17.9,1188.8
13289976,Wales,Britain,9.7,0,37.7,17.9,1188.8
16105213,Wales,Britain,9.7,0,37.7,17.9,1188.8
16214629,Wales,Britain,9.7,0.75,37.7,17.9,1188.8
26962792,Wales,Britain,9.7,0,37.7,17.9,1188.8
28922465,Wales,Britain,9.7,0.375,37.7,17.9,1188.8
35142380,Wales,Britain,9.7,0,37.7,17.9,1188.8
43474372,Wales,Britain,9.7,0,37.7,17.9,1188.8
43666038,Wales,Britain,9.7,0.0625,37.7,17.9,1188.8
47927252,Wales,Britain,9.7,0.214286,37.7,17.9,1188.8
51618018,Wales,Britain,9.7,0.3125,37.7,17.9,1188.8
53503031,Wales,Britain,9.7,0,37.7,17.9,1188.8
59300315,Wales,Britain,9.7,0.0625,37.7,17.9,1188.8
63835919,Wales,Britain,9.7,0.1875,37.7,17.9,1188.8
67840823,Wales,Britain,9.7,0.142857,37.7,17.9,1188.8
77102686,Wales,Britain,9.7,0.375,37.7,17.9,1188.8
77933765,Wales,Britain,9.7,0,37.7,17.9,1188.8
99366820,Wales,Britain,9.7,0,37.7,17.9,1188.8
108631189,Wales,Britain,9.7,0,37.7,17.9,1188.8
350255,Wicken,Britain,10,0,39.03,20.2,556.6
9477165,Wicken,Britain,10,0.166667,39.03,20.2,556.6
9793482,Wicken,Britain,10,0,39.03,20.2,556.6
10676409,Wicken,Britain,10,0,39.03,20.2,556.6
10810391,Wicken,Britain,10,0,39.03,20.2,556.6
11508826,Wicken,Britain,10,0.5,39.03,20.2,556.6
12068134,Wicken,Britain,10,0.166667,39.03,20.2,556.6
13289976,Wicken,Britain,10,0,39.03,20.2,556.6
16105213,Wicken,Britain,10,0.3,39.03,20.2,556.6
16214629,Wicken,Britain,10,0.416667,39.03,20.2,556.6
26962792,Wicken,Britain,10,0,39.03,20.2,556.6
28922465,Wicken,Britain,10,0.666667,39.03,20.2,556.6
35142380,Wicken,Britain,10,0,39.03,20.2,556.6
43474372,Wicken,Britain,10,0,39.03,20.2,556.6
43666038,Wicken,Britain,10,0.0833333,39.03,20.2,556.6
47927252,Wicken,Britain,10,0,39.03,20.2,556.6
51618018,Wicken,Britain,10,0.583333,39.03,20.2,556.6
53503031,Wicken,Britain,10,0,39.03,20.2,556.6
59300315,Wicken,Britain,10,0,39.03,20.2,556.6
63835919,Wicken,Britain,10,0.25,39.03,20.2,556.6
67840823,Wicken,Britain,10,0.0833333,39.03,20.2,556.6
77102686,Wicken,Britain,10,0.333333,39.03,20.2,556.6
77933765,Wicken,Britain,10,0.0833333,39.03,20.2,556.6
99366820,Wicken,Britain,10,0,39.03,20.2,556.6
108631189,Wicken,Britain,10,0,39.03,20.2,556.6
841602,Cirencester,Carpathian,9.2,0.1,38.62,19.2,814.7
2699144,Cirencester,Carpathian,9.2,0.05,38.62,19.2,814.7
3439733,Cirencester,Carpathian,9.2,0.3,38.62,19.2,814.7
7209439,Cirencester,Carpathian,9.2,0.1,38.62,19.2,814.7
8291790,Cirencester,Carpathian,9.2,0,38.62,19.2,814.7
11054236,Cirencester,Carpathian,9.2,0.1,38.62,19.2,814.7
11544851,Cirencester,Carpathian,9.2,0,38.62,19.2,814.7
11730988,Cirencester,Carpathian,9.2,0.444444,38.62,19.2,814.7
14117051,Cirencester,Carpathian,9.2,0.2,38.62,19.2,814.7
14673031,Cirencester,Carpathian,9.2,0.15,38.62,19.2,814.7
16135083,Cirencester,Carpathian,9.2,0.7,38.62,19.2,814.7
17165810,Cirencester,Carpathian,9.2,0,38.62,19.2,814.7
20002601,Cirencester,Carpathian,9.2,0.55,38.62,19.2,814.7
21001574,Cirencester,Carpathian,9.2,0,38.62,19.2,814.7
22879170,Cirencester,Carpathian,9.2,0,38.62,19.2,814.7
24828269,Cirencester,Carpathian,9.2,0.1,38.62,19.2,814.7
25409736,Cirencester,Carpathian,9.2,0.222222,38.62,19.2,814.7
25466668,Cirencester,Carpathian,9.2,0.3125,38.62,19.2,814.7
28649066,Cirencester,Carpathian,9.2,0.65,38.62,19.2,814.7
29686146,Cirencester,Carpathian,9.2,0.1,38.62,19.2,814.7
30416119,Cirencester,Carpathian,9.2,0,38.62,19.2,814.7
30539186,Cirencester,Carpathian,9.2,0.05,38.62,19.2,814.7
31502550,Cirencester,Carpathian,9.2,0,38.62,19.2,814.7
32393856,Cirencester,Carpathian,9.2,0.45,38.62,19.2,814.7
33072924,Cirencester,Carpathian,9.2,0,38.62,19.2,814.7
35067868,Cirencester,Carpathian,9.2,0.05,38.62,19.2,814.7
38745940,Cirencester,Carpathian,9.2,0.25,38.62,19.2,814.7
39890654,Cirencester,Carpathian,9.2,0,38.62,19.2,814.7
40502794,Cirencester,Carpathian,9.2,0.25,38.62,19.2,814.7
44601846,Cirencester,Carpathian,9.2,0.15,38.62,19.2,814.7
48012918,Cirencester,Carpathian,9.2,0.3,38.62,19.2,814.7
52730405,Cirencester,Carpathian,9.2,0,38.62,19.2,814.7
52785670,Cirencester,Carpathian,9.2,0.1,38.62,19.2,814.7
53036046,Cirencester,Carpathian,9.2,0.05,38.62,19.2,814.7
54159962,Cirencester,Carpathian,9.2,0,38.62,19.2,814.7
54932842,Cirencester,Carpathian,9.2,0,38.62,19.2,814.7
67583912,Cirencester,Carpathian,9.2,0,38.62,19.2,814.7
68114626,Cirencester,Carpathian,9.2,0.111111,38.62,19.2,814.7
69326548,Cirencester,Carpathian,9.2,0.65,38.62,19.2,814.7
74051638,Cirencester,Carpathian,9.2,0.2,38.62,19.2,814.7
81005167,Cirencester,Carpathian,9.2,0.1,38.62,19.2,814.7
81643024,Cirencester,Carpathian,9.2,0.2,38.62,19.2,814.7
82317551,Cirencester,Carpathian,9.2,0.05,38.62,19.2,814.7
82533936,Cirencester,Carpathian,9.2,0.6,38.62,19.2,814.7
99139941,Cirencester,Carpathian,9.2,0.3125,38.62,19.2,814.7
102132871,Cirencester,Carpathian,9.2,0.888889,38.62,19.2,814.7
107840781,Cirencester,Carpathian,9.2,0,38.62,19.2,814.7
841602,Dalby,Carpathian,8.15,0.5625,35.7,17.1,747
2699144,Dalby,Carpathian,8.15,0,35.7,17.1,747
3439733,Dalby,Carpathian,8.15,0.583333,35.7,17.1,747
7209439,Dalby,Carpathian,8.15,0,35.7,17.1,747
8291790,Dalby,Carpathian,8.15,0,35.7,17.1,747
11054236,Dalby,Carpathian,8.15,0.1875,35.7,17.1,747
11544851,Dalby,Carpathian,8.15,0.0714286,35.7,17.1,747
11730988,Dalby,Carpathian,8.15,0.125,35.7,17.1,747
14117051,Dalby,Carpathian,8.15,0,35.7,17.1,747
14673031,Dalby,Carpathian,8.15,0.0625,35.7,17.1,747
16135083,Dalby,Carpathian,8.15,0.142857,35.7,17.1,747
17165810,Dalby,Carpathian,8.15,0,35.7,17.1,747
20002601,Dalby,Carpathian,8.15,0.25,35.7,17.1,747
21001574,Dalby,Carpathian,8.15,0,35.7,17.1,747
22879170,Dalby,Carpathian,8.15,0.0625,35.7,17.1,747
24828269,Dalby,Carpathian,8.15,0.142857,35.7,17.1,747
25409736,Dalby,Carpathian,8.15,0.214286,35.7,17.1,747
25466668,Dalby,Carpathian,8.15,0.0625,35.7,17.1,747
28649066,Dalby,Carpathian,8.15,0.3125,35.7,17.1,747
29686146,Dalby,Carpathian,8.15,0,35.7,17.1,747
30416119,Dalby,Carpathian,8.15,0,35.7,17.1,747
30539186,Dalby,Carpathian,8.15,0,35.7,17.1,747
31502550,Dalby,Carpathian,8.15,0,35.7,17.1,747
32393856,Dalby,Carpathian,8.15,0.5,35.7,17.1,747
33072924,Dalby,Carpathian,8.15,0.125,35.7,17.1,747
35067868,Dalby,Carpathian,8.15,0.4375,35.7,17.1,747
38745940,Dalby,Carpathian,8.15,0.0625,35.7,17.1,747
39890654,Dalby,Carpathian,8.15,0,35.7,17.1,747
40502794,Dalby,Carpathian,8.15,0.375,35.7,17.1,747
44601846,Dalby,Carpathian,8.15,0.214286,35.7,17.1,747
48012918,Dalby,Carpathian,8.15,1,35.7,17.1,747
52730405,Dalby,Carpathian,8.15,0,35.7,17.1,747
52785670,Dalby,Carpathian,8.15,0.214286,35.7,17.1,747
53036046,Dalby,Carpathian,8.15,0,35.7,17.1,747
54159962,Dalby,Carpathian,8.15,0,35.7,17.1,747
54932842,Dalby,Carpathian,8.15,0,35.7,17.1,747
67583912,Dalby,Carpathian,8.15,0.142857,35.7,17.1,747
68114626,Dalby,Carpathian,8.15,0.125,35.7,17.1,747
69326548,Dalby,Carpathian,8.15,0.5,35.7,17.1,747
74051638,Dalby,Carpathian,8.15,0.785714,35.7,17.1,747
81005167,Dalby,Carpathian,8.15,0,35.7,17.1,747
81643024,Dalby,Carpathian,8.15,0.1875,35.7,17.1,747
82317551,Dalby,Carpathian,8.15,0,35.7,17.1,747
82533936,Dalby,Carpathian,8.15,0,35.7,17.1,747
99139941,Dalby,Carpathian,8.15,0.0625,35.7,17.1,747
102132871,Dalby,Carpathian,8.15,0.4375,35.7,17.1,747
107840781,Dalby,Carpathian,8.15,0.375,35.7,17.1,747
841602,Diptford,Carpathian,10.21,0,40.35,19.1,1040.8
2699144,Diptford,Carpathian,10.21,0.15,40.35,19.1,1040.8
3439733,Diptford,Carpathian,10.21,0,40.35,19.1,1040.8
7209439,Diptford,Carpathian,10.21,0.166667,40.35,19.1,1040.8
8291790,Diptford,Carpathian,10.21,0.05,40.35,19.1,1040.8
11054236,Diptford,Carpathian,10.21,0.444444,40.35,19.1,1040.8
11544851,Diptford,Carpathian,10.21,0,40.35,19.1,1040.8
11730988,Diptford,Carpathian,10.21,0.5,40.35,19.1,1040.8
14117051,Diptford,Carpathian,10.21,0.3,40.35,19.1,1040.8
14673031,Diptford,Carpathian,10.21,0.4,40.35,19.1,1040.8
16135083,Diptford,Carpathian,10.21,1,40.35,19.1,1040.8
17165810,Diptford,Carpathian,10.21,0.05,40.35,19.1,1040.8
20002601,Diptford,Carpathian,10.21,0.833333,40.35,19.1,1040.8
21001574,Diptford,Carpathian,10.21,0.45,40.35,19.1,1040.8
22879170,Diptford,Carpathian,10.21,0.0555556,40.35,19.1,1040.8
24828269,Diptford,Carpathian,10.21,0.6,40.35,19.1,1040.8
25409736,Diptford,Carpathian,10.21,0,40.35,19.1,1040.8
25466668,Diptford,Carpathian,10.21,0.15,40.35,19.1,1040.8
28649066,Diptford,Carpathian,10.21,0.5,40.35,19.1,1040.8
29686146,Diptford,Carpathian,10.21,0.4,40.35,19.1,1040.8
30416119,Diptford,Carpathian,10.21,0.25,40.35,19.1,1040.8
30539186,Diptford,Carpathian,10.21,0,40.35,19.1,1040.8
31502550,Diptford,Carpathian,10.21,0,40.35,19.1,1040.8
32393856,Diptford,Carpathian,10.21,0.75,40.35,19.1,1040.8
33072924,Diptford,Carpathian,10.21,0.2,40.35,19.1,1040.8
35067868,Diptford,Carpathian,10.21,0,40.35,19.1,1040.8
38745940,Diptford,Carpathian,10.21,0.35,40.35,19.1,1040.8
39890654,Diptford,Carpathian,10.21,0.15,40.35,19.1,1040.8
40502794,Diptford,Carpathian,10.21,0,40.35,19.1,1040.8
44601846,Diptford,Carpathian,10.21,0.1,40.35,19.1,1040.8
48012918,Diptford,Carpathian,10.21,0,40.35,19.1,1040.8
52730405,Diptford,Carpathian,10.21,0,40.35,19.1,1040.8
52785670,Diptford,Carpathian,10.21,0.2,40.35,19.1,1040.8
53036046,Diptford,Carpathian,10.21,0.666667,40.35,19.1,1040.8
54159962,Diptford,Carpathian,10.21,0.333333,40.35,19.1,1040.8
54932842,Diptford,Carpathian,10.21,0.05,40.35,19.1,1040.8
67583912,Diptford,Carpathian,10.21,0.15,40.35,19.1,1040.8
68114626,Diptford,Carpathian,10.21,0.85,40.35,19.1,1040.8
69326548,Diptford,Carpathian,10.21,0.15,40.35,19.1,1040.8
74051638,Diptford,Carpathian,10.21,0.15,40.35,19.1,1040.8
81005167,Diptford,Carpathian,10.21,0,40.35,19.1,1040.8
81643024,Diptford,Carpathian,10.21,0.6,40.35,19.1,1040.8
82317551,Diptford,Carpathian,10.21,0.6,40.35,19.1,1040.8
82533936,Diptford,Carpathian,10.21,1,40.35,19.1,1040.8
99139941,Diptford,Carpathian,10.21,0.15,40.35,19.1,1040.8
102132871,Diptford,Carpathian,10.21,0.9,40.35,19.1,1040.8
107840781,Diptford,Carpathian,10.21,0.111111,40.35,19.1,1040.8
841602,Doncaster,Carpathian,9.55,0.1,38.34,19.6,593.5
2699144,Doncaster,Carpathian,9.55,0,38.34,19.6,593.5
3439733,Doncaster,Carpathian,9.55,0.75,38.34,19.6,593.5
7209439,Doncaster,Carpathian,9.55,0,38.34,19.6,593.5
8291790,Doncaster,Carpathian,9.55,0,38.34,19.6,593.5
11054236,Doncaster,Carpathian,9.55,0.05,38.34,19.6,593.5
11544851,Doncaster,Carpathian,9.55,0.05,38.34,19.6,593.5
11730988,Doncaster,Carpathian,9.55,0.2,38.34,19.6,593.5
14117051,Doncaster,Carpathian,9.55,0.0625,38.34,19.6,593.5
14673031,Doncaster,Carpathian,9.55,0.25,38.34,19.6,593.5
16135083,Doncaster,Carpathian,9.55,0.5,38.34,19.6,593.5
17165810,Doncaster,Carpathian,9.55,0,38.34,19.6,593.5
20002601,Doncaster,Carpathian,9.55,0.5,38.34,19.6,593.5
21001574,Doncaster,Carpathian,9.55,0,38.34,19.6,593.5
22879170,Doncaster,Carpathian,9.55,0.1,38.34,19.6,593.5
24828269,Doncaster,Carpathian,9.55,0,38.34,19.6,593.5
25409736,Doncaster,Carpathian,9.55,0.55,38.34,19.6,593.5
25466668,Doncaster,Carpathian,9.55,0.611111,38.34,19.6,593.5
28649066,Doncaster,Carpathian,9.55,0.3,38.34,19.6,593.5
29686146,Doncaster,Carpathian,9.55,0.15,38.34,19.6,593.5
30416119,Doncaster,Carpathian,9.55,0.05,38.34,19.6,593.5
30539186,Doncaster,Carpathian,9.55,0,38.34,19.6,593.5
31502550,Doncaster,Carpathian,9.55,0,38.34,19.6,593.5
32393856,Doncaster,Carpathian,9.55,0.1,38.34,19.6,593.5
33072924,Doncaster,Carpathian,9.55,0.05,38.34,19.6,593.5
35067868,Doncaster,Carpathian,9.55,0,38.34,19.6,593.5
38745940,Doncaster,Carpathian,9.55,0.111111,38.34,19.6,593.5
39890654,Doncaster,Carpathian,9.55,0.05,38.34,19.6,593.5
40502794,Doncaster,Carpathian,9.55,0.3,38.34,19.6,593.5
44601846,Doncaster,Carpathian,9.55,0.2,38.34,19.6,593.5
48012918,Doncaster,Carpathian,9.55,0.4,38.34,19.6,593.5
52730405,Doncaster,Carpathian,9.55,0.222222,38.34,19.6,593.5
52785670,Doncaster,Carpathian,9.55,0,38.34,19.6,593.5
53036046,Doncaster,Carpathian,9.55,0,38.34,19.6,593.5
54159962,Doncaster,Carpathian,9.55,0,38.34,19.6,593.5
54932842,Doncaster,Carpathian,9.55,0.3,38.34,19.6,593.5
67583912,Doncaster,Carpathian,9.55,0.15,38.34,19.6,593.5
68114626,Doncaster,Carpathian,9.55,0,38.34,19.6,593.5
69326548,Doncaster,Carpathian,9.55,0.9,38.34,19.6,593.5
74051638,Doncaster,Carpathian,9.55,0.2,38.34,19.6,593.5
81005167,Doncaster,Carpathian,9.55,0,38.34,19.6,593.5
81643024,Doncaster,Carpathian,9.55,0.05,38.34,19.6,593.5
82317551,Doncaster,Carpathian,9.55,0,38.34,19.6,593.5
82533936,Doncaster,Carpathian,9.55,0.2,38.34,19.6,593.5
99139941,Doncaster,Carpathian,9.55,0,38.34,19.6,593.5
102132871,Doncaster,Carpathian,9.55,0.75,38.34,19.6,593.5
107840781,Doncaster,Carpathian,9.55,0.2,38.34,19.6,593.5
841602,Heslington,Carpathian,9.22,0.6,38.68,18.9,588
2699144,Heslington,Carpathian,9.22,0,38.68,18.9,588
3439733,Heslington,Carpathian,9.22,0.8,38.68,18.9,588
7209439,Heslington,Carpathian,9.22,0,38.68,18.9,588
8291790,Heslington,Carpathian,9.22,0,38.68,18.9,588
11054236,Heslington,Carpathian,9.22,0.111111,38.68,18.9,588
11544851,Heslington,Carpathian,9.22,0,38.68,18.9,588
11730988,Heslington,Carpathian,9.22,0.05,38.68,18.9,588
14117051,Heslington,Carpathian,9.22,0.166667,38.68,18.9,588
14673031,Heslington,Carpathian,9.22,0.5,38.68,18.9,588
16135083,Heslington,Carpathian,9.22,0.55,38.68,18.9,588
17165810,Heslington,Carpathian,9.22,0,38.68,18.9,588
20002601,Heslington,Carpathian,9.22,0.75,38.68,18.9,588
21001574,Heslington,Carpathian,9.22,0,38.68,18.9,588
22879170,Heslington,Carpathian,9.22,0.15,38.68,18.9,588
24828269,Heslington,Carpathian,9.22,0.15,38.68,18.9,588
25409736,Heslington,Carpathian,9.22,0.35,38.68,18.9,588
25466668,Heslington,Carpathian,9.22,0.35,38.68,18.9,588
28649066,Heslington,Carpathian,9.22,0.2,38.68,18.9,588
29686146,Heslington,Carpathian,9.22,0,38.68,18.9,588
30416119,Heslington,Carpathian,9.22,0,38.68,18.9,588
30539186,Heslington,Carpathian,9.22,0,38.68,18.9,588
31502550,Heslington,Carpathian,9.22,0,38.68,18.9,588
32393856,Heslington,Carpathian,9.22,0.2,38.68,18.9,588
33072924,Heslington,Carpathian,9.22,0.05,38.68,18.9,588
35067868,Heslington,Carpathian,9.22,0.05,38.68,18.9,588
38745940,Heslington,Carpathian,9.22,0,38.68,18.9,588
39890654,Heslington,Carpathian,9.22,0.05,38.68,18.9,588
40502794,Heslington,Carpathian,9.22,0.277778,38.68,18.9,588
44601846,Heslington,Carpathian,9.22,0.1,38.68,18.9,588
48012918,Heslington,Carpathian,9.22,0.7,38.68,18.9,588
52730405,Heslington,Carpathian,9.22,0.2,38.68,18.9,588
52785670,Heslington,Carpathian,9.22,0,38.68,18.9,588
53036046,Heslington,Carpathian,9.22,0.15,38.68,18.9,588
54159962,Heslington,Carpathian,9.22,0,38.68,18.9,588
54932842,Heslington,Carpathian,9.22,0.05,38.68,18.9,588
67583912,Heslington,Carpathian,9.22,0.55,38.68,18.9,588
68114626,Heslington,Carpathian,9.22,0.2,38.68,18.9,588
69326548,Heslington,Carpathian,9.22,0.8,38.68,18.9,588
74051638,Heslington,Carpathian,9.22,0.15,38.68,18.9,588
81005167,Heslington,Carpathian,9.22,0.05,38.68,18.9,588
81643024,Heslington,Carpathian,9.22,0.15,38.68,18.9,588
82317551,Heslington,Carpathian,9.22,0,38.68,18.9,588
82533936,Heslington,Carpathian,9.22,0.1,38.68,18.9,588
99139941,Heslington,Carpathian,9.22,0.15,38.68,18.9,588
102132871,Heslington,Carpathian,9.22,0.65,38.68,18.9,588
107840781,Heslington,Carpathian,9.22,0.3,38.68,18.9,588
841602,Hill,Carpathian,9.96,0,39.37,18.4,1120
2699144,Hill,Carpathian,9.96,0.166667,39.37,18.4,1120
3439733,Hill,Carpathian,9.96,0,39.37,18.4,1120
7209439,Hill,Carpathian,9.96,0.333333,39.37,18.4,1120
8291790,Hill,Carpathian,9.96,0.666667,39.37,18.4,1120
11054236,Hill,Carpathian,9.96,0.666667,39.37,18.4,1120
11544851,Hill,Carpathian,9.96,0,39.37,18.4,1120
11730988,Hill,Carpathian,9.96,0.5,39.37,18.4,1120
14117051,Hill,Carpathian,9.96,0.166667,39.37,18.4,1120
14673031,Hill,Carpathian,9.96,0.333333,39.37,18.4,1120
16135083,Hill,Carpathian,9.96,0.5,39.37,18.4,1120
17165810,Hill,Carpathian,9.96,0,39.37,18.4,1120
20002601,Hill,Carpathian,9.96,0.75,39.37,18.4,1120
21001574,Hill,Carpathian,9.96,0.666667,39.37,18.4,1120
22879170,Hill,Carpathian,9.96,0,39.37,18.4,1120
24828269,Hill,Carpathian,9.96,0.666667,39.37,18.4,1120
25409736,Hill,Carpathian,9.96,0.333333,39.37,18.4,1120
25466668,Hill,Carpathian,9.96,0,39.37,18.4,1120
28649066,Hill,Carpathian,9.96,1,39.37,18.4,1120
29686146,Hill,Carpathian,9.96,0,39.37,18.4,1120
30416119,Hill,Carpathian,9.96,0.5,39.37,18.4,1120
30539186,Hill,Carpathian,9.96,0.666667,39.37,18.4,1120
31502550,Hill,Carpathian,9.96,0.333333,39.37,18.4,1120
32393856,Hill,Carpathian,9.96,0.833333,39.37,18.4,1120
33072924,Hill,Carpathian,9.96,0,39.37,18.4,1120
35067868,Hill,Carpathian,9.96,0,39.37,18.4,1120
38745940,Hill,Carpathian,9.96,0.166667,39.37,18.4,1120
39890654,Hill,Carpathian,9.96,0.166667,39.37,18.4,1120
40502794,Hill,Carpathian,9.96,0,39.37,18.4,1120
44601846,Hill,Carpathian,9.96,0,39.37,18.4,1120
48012918,Hill,Carpathian,9.96,0,39.37,18.4,1120
52730405,Hill,Carpathian,9.96,0,39.37,18.4,1120
52785670,Hill,Carpathian,9.96,0.5,39.37,18.4,1120
53036046,Hill,Carpathian,9.96,0,39.37,18.4,1120
54159962,Hill,Carpathian,9.96,0.166667,39.37,18.4,1120
54932842,Hill,Carpathian,9.96,0,39.37,18.4,1120
67583912,Hill,Carpathian,9.96,0,39.37,18.4,1120
68114626,Hill,Carpathian,9.96,1,39.37,18.4,1120
69326548,Hill,Carpathian,9.96,0.666667,39.37,18.4,1120
74051638,Hill,Carpathian,9.96,0.5,39.37,18.4,1120
81005167,Hill,Carpathian,9.96,0,39.37,18.4,1120
81643024,Hill,Carpathian,9.96,0,39.37,18.4,1120
82317551,Hill,Carpathian,9.96,0.833333,39.37,18.4,1120
82533936,Hill,Carpathian,9.96,1,39.37,18.4,1120
99139941,Hill,Carpathian,9.96,0.5,39.37,18.4,1120
102132871,Hill,Carpathian,9.96,0.833333,39.37,18.4,1120
107840781,Hill,Carpathian,9.96,0,39.37,18.4,1120
841602,Lizard,Carpathian,10.89,0,37.51,18.4,1055
2699144,Lizard,Carpathian,10.89,0.65,37.51,18.4,1055
3439733,Lizard,Carpathian,10.89,0,37.51,18.4,1055
7209439,Lizard,Carpathian,10.89,0.8,37.51,18.4,1055
8291790,Lizard,Carpathian,10.89,0.6,37.51,18.4,1055
11054236,Lizard,Carpathian,10.89,0.95,37.51,18.4,1055
11544851,Lizard,Carpathian,10.89,0.5,37.51,18.4,1055
11730988,Lizard,Carpathian,10.89,0.888889,37.51,18.4,1055
14117051,Lizard,Carpathian,10.89,0.9,37.51,18.4,1055
14673031,Lizard,Carpathian,10.89,0,37.51,18.4,1055
16135083,Lizard,Carpathian,10.89,1,37.51,18.4,1055
17165810,Lizard,Carpathian,10.89,0.6,37.51,18.4,1055
20002601,Lizard,Carpathian,10.89,0.6,37.51,18.4,1055
21001574,Lizard,Carpathian,10.89,0.9,37.51,18.4,1055
22879170,Lizard,Carpathian,10.89,0.55,37.51,18.4,1055
24828269,Lizard,Carpathian,10.89,0.8,37.51,18.4,1055
25409736,Lizard,Carpathian,10.89,0.555556,37.51,18.4,1055
25466668,Lizard,Carpathian,10.89,0.45,37.51,18.4,1055
28649066,Lizard,Carpathian,10.89,0.85,37.51,18.4,1055
29686146,Lizard,Carpathian,10.89,0.85,37.51,18.4,1055
30416119,Lizard,Carpathian,10.89,0.85,37.51,18.4,1055
30539186,Lizard,Carpathian,10.89,0.8,37.51,18.4,1055
31502550,Lizard,Carpathian,10.89,0.65,37.51,18.4,1055
32393856,Lizard,Carpathian,10.89,1,37.51,18.4,1055
33072924,Lizard,Carpathian,10.89,0.2,37.51,18.4,1055
35067868,Lizard,Carpathian,10.89,0.05,37.51,18.4,1055
38745940,Lizard,Carpathian,10.89,0.888889,37.51,18.4,1055
39890654,Lizard,Carpathian,10.89,0.8,37.51,18.4,1055
40502794,Lizard,Carpathian,10.89,0.555556,37.51,18.4,1055
44601846,Lizard,Carpathian,10.89,0.65,37.51,18.4,1055
48012918,Lizard,Carpathian,10.89,0,37.51,18.4,1055
52730405,Lizard,Carpathian,10.89,0.05,37.51,18.4,1055
52785670,Lizard,Carpathian,10.89,0.75,37.51,18.4,1055
53036046,Lizard,Carpathian,10.89,0.9,37.51,18.4,1055
54159962,Lizard,Carpathian,10.89,0.8,37.51,18.4,1055
54932842,Lizard,Carpathian,10.89,0.55,37.51,18.4,1055
67583912,Lizard,Carpathian,10.89,0,37.51,18.4,1055
68114626,Lizard,Carpathian,10.89,0.85,37.51,18.4,1055
69326548,Lizard,Carpathian,10.89,0.1,37.51,18.4,1055
74051638,Lizard,Carpathian,10.89,0.35,37.51,18.4,1055
81005167,Lizard,Carpathian,10.89,0.65,37.51,18.4,1055
81643024,Lizard,Carpathian,10.89,0.95,37.51,18.4,1055
82317551,Lizard,Carpathian,10.89,0.833333,37.51,18.4,1055
82533936,Lizard,Carpathian,10.89,0.3,37.51,18.4,1055
99139941,Lizard,Carpathian,10.89,0.95,37.51,18.4,1055
102132871,Lizard,Carpathian,10.89,0.5,37.51,18.4,1055
107840781,Lizard,Carpathian,10.89,0.4,37.51,18.4,1055
841602,Maud,Carpathian,8.04,0,39.61,16.8,790
2699144,Maud,Carpathian,8.04,0,39.61,16.8,790
3439733,Maud,Carpathian,8.04,0,39.61,16.8,790
7209439,Maud,Carpathian,8.04,0.1875,39.61,16.8,790
8291790,Maud,Carpathian,8.04,0,39.61,16.8,790
11054236,Maud,Carpathian,8.04,0,39.61,16.8,790
11544851,Maud,Carpathian,8.04,0.611111,39.61,16.8,790
11730988,Maud,Carpathian,8.04,1,39.61,16.8,790
14117051,Maud,Carpathian,8.04,0.388889,39.61,16.8,790
14673031,Maud,Carpathian,8.04,1,39.61,16.8,790
16135083,Maud,Carpathian,8.04,0.055556,39.61,16.8,790
17165810,Maud,Carpathian,8.04,0.333333,39.61,16.8,790
20002601,Maud,Carpathian,8.04,0,39.61,16.8,790
21001574,Maud,Carpathian,8.04,0,39.61,16.8,790
22879170,Maud,Carpathian,8.04,0.722222,39.61,16.8,790
24828269,Maud,Carpathian,8.04,0,39.61,16.8,790
25409736,Maud,Carpathian,8.04,0.9444444,39.61,16.8,790
25466668,Maud,Carpathian,8.04,0.888889,39.61,16.8,790
28649066,Maud,Carpathian,8.04,0,39.61,16.8,790
29686146,Maud,Carpathian,8.04,0,39.61,16.8,790
30416119,Maud,Carpathian,8.04,0,39.61,16.8,790
30539186,Maud,Carpathian,8.04,0,39.61,16.8,790
31502550,Maud,Carpathian,8.04,0.5,39.61,16.8,790
32393856,Maud,Carpathian,8.04,0.111111,39.61,16.8,790
33072924,Maud,Carpathian,8.04,0.611111,39.61,16.8,790
35067868,Maud,Carpathian,8.04,0.5,39.61,16.8,790
38745940,Maud,Carpathian,8.04,1,39.61,16.8,790
39890654,Maud,Carpathian,8.04,0,39.61,16.8,790
40502794,Maud,Carpathian,8.04,0.944444,39.61,16.8,790
44601846,Maud,Carpathian,8.04,0.888889,39.61,16.8,790
48012918,Maud,Carpathian,8.04,0.166667,39.61,16.8,790
52730405,Maud,Carpathian,8.04,0.722222,39.61,16.8,790
52785670,Maud,Carpathian,8.04,0,39.61,16.8,790
53036046,Maud,Carpathian,8.04,0,39.61,16.8,790
54159962,Maud,Carpathian,8.04,0,39.61,16.8,790
54932842,Maud,Carpathian,8.04,0.8125,39.61,16.8,790
67583912,Maud,Carpathian,8.04,0.875,39.61,16.8,790
68114626,Maud,Carpathian,8.04,0,39.61,16.8,790
69326548,Maud,Carpathian,8.04,0.125,39.61,16.8,790
74051638,Maud,Carpathian,8.04,1,39.61,16.8,790
81005167,Maud,Carpathian,8.04,0.555556,39.61,16.8,790
81643024,Maud,Carpathian,8.04,0,39.61,16.8,790
82317551,Maud,Carpathian,8.04,0,39.61,16.8,790
82533936,Maud,Carpathian,8.04,0,39.61,16.8,790
99139941,Maud,Carpathian,8.04,0,39.61,16.8,790
102132871,Maud,Carpathian,8.04,0,39.61,16.8,790
107840781,Maud,Carpathian,8.04,1,39.61,16.8,790
841602,Roslin,Carpathian,8.27,0.5,38.95,17.3,719.6
2699144,Roslin,Carpathian,8.27,0,38.95,17.3,719.6
3439733,Roslin,Carpathian,8.27,0.7,38.95,17.3,719.6
7209439,Roslin,Carpathian,8.27,0,38.95,17.3,719.6
8291790,Roslin,Carpathian,8.27,0,38.95,17.3,719.6
11054236,Roslin,Carpathian,8.27,0,38.95,17.3,719.6
11544851,Roslin,Carpathian,8.27,0.1,38.95,17.3,719.6
11730988,Roslin,Carpathian,8.27,0.833333,38.95,17.3,719.6
14117051,Roslin,Carpathian,8.27,0.1,38.95,17.3,719.6
14673031,Roslin,Carpathian,8.27,0.7,38.95,17.3,719.6
16135083,Roslin,Carpathian,8.27,0.05,38.95,17.3,719.6
17165810,Roslin,Carpathian,8.27,0,38.95,17.3,719.6
20002601,Roslin,Carpathian,8.27,0.05,38.95,17.3,719.6
21001574,Roslin,Carpathian,8.27,0,38.95,17.3,719.6
22879170,Roslin,Carpathian,8.27,0.2,38.95,17.3,719.6
24828269,Roslin,Carpathian,8.27,0.0555556,38.95,17.3,719.6
25409736,Roslin,Carpathian,8.27,0.85,38.95,17.3,719.6
25466668,Roslin,Carpathian,8.27,0.777778,38.95,17.3,719.6
28649066,Roslin,Carpathian,8.27,0,38.95,17.3,719.6
29686146,Roslin,Carpathian,8.27,0,38.95,17.3,719.6
30416119,Roslin,Carpathian,8.27,0,38.95,17.3,719.6
30539186,Roslin,Carpathian,8.27,0,38.95,17.3,719.6
31502550,Roslin,Carpathian,8.27,0.15,38.95,17.3,719.6
32393856,Roslin,Carpathian,8.27,0.25,38.95,17.3,719.6
33072924,Roslin,Carpathian,8.27,0.6,38.95,17.3,719.6
35067868,Roslin,Carpathian,8.27,0.6,38.95,17.3,719.6
38745940,Roslin,Carpathian,8.27,0.15,38.95,17.3,719.6
39890654,Roslin,Carpathian,8.27,0,38.95,17.3,719.6
40502794,Roslin,Carpathian,8.27,0.85,38.95,17.3,719.6
44601846,Roslin,Carpathian,8.27,0.666667,38.95,17.3,719.6
48012918,Roslin,Carpathian,8.27,0.875,38.95,17.3,719.6
52730405,Roslin,Carpathian,8.27,0,38.95,17.3,719.6
52785670,Roslin,Carpathian,8.27,0,38.95,17.3,719.6
53036046,Roslin,Carpathian,8.27,0.1,38.95,17.3,719.6
54159962,Roslin,Carpathian,8.27,0,38.95,17.3,719.6
54932842,Roslin,Carpathian,8.27,0.05,38.95,17.3,719.6
67583912,Roslin,Carpathian,8.27,0.8,38.95,17.3,719.6
68114626,Roslin,Carpathian,8.27,0,38.95,17.3,719.6
69326548,Roslin,Carpathian,8.27,0.5,38.95,17.3,719.6
74051638,Roslin,Carpathian,8.27,0.85,38.95,17.3,719.6
81005167,Roslin,Carpathian,8.27,0,38.95,17.3,719.6
81643024,Roslin,Carpathian,8.27,0,38.95,17.3,719.6
82317551,Roslin,Carpathian,8.27,0,38.95,17.3,719.6
82533936,Roslin,Carpathian,8.27,0,38.95,17.3,719.6
99139941,Roslin,Carpathian,8.27,0,38.95,17.3,719.6
102132871,Roslin,Carpathian,8.27,0.3,38.95,17.3,719.6
107840781,Roslin,Carpathian,8.27,0.555556,38.95,17.3,719.6
841602,Temple,Carpathian,9.56,0,37.33,19.6,625
2699144,Temple,Carpathian,9.56,0,37.33,19.6,625
3439733,Temple,Carpathian,9.56,0,37.33,19.6,625
7209439,Temple,Carpathian,9.56,0.3,37.33,19.6,625
8291790,Temple,Carpathian,9.56,0,37.33,19.6,625
11054236,Temple,Carpathian,9.56,0.1,37.33,19.6,625
11544851,Temple,Carpathian,9.56,0.166667,37.33,19.6,625
11730988,Temple,Carpathian,9.56,0,37.33,19.6,625
14117051,Temple,Carpathian,9.56,0.5,37.33,19.6,625
14673031,Temple,Carpathian,9.56,0.125,37.33,19.6,625
16135083,Temple,Carpathian,9.56,1,37.33,19.6,625
17165810,Temple,Carpathian,9.56,0,37.33,19.6,625
20002601,Temple,Carpathian,9.56,1,37.33,19.6,625
21001574,Temple,Carpathian,9.56,0.2,37.33,19.6,625
22879170,Temple,Carpathian,9.56,0,37.33,19.6,625
24828269,Temple,Carpathian,9.56,0.25,37.33,19.6,625
25409736,Temple,Carpathian,9.56,0,37.33,19.6,625
25466668,Temple,Carpathian,9.56,0,37.33,19.6,625
28649066,Temple,Carpathian,9.56,1,37.33,19.6,625
29686146,Temple,Carpathian,9.56,0.3,37.33,19.6,625
30416119,Temple,Carpathian,9.56,0.1,37.33,19.6,625
30539186,Temple,Carpathian,9.56,0,37.33,19.6,625
31502550,Temple,Carpathian,9.56,0.2,37.33,19.6,625
32393856,Temple,Carpathian,9.56,0.5,37.33,19.6,625
33072924,Temple,Carpathian,9.56,0,37.33,19.6,625
35067868,Temple,Carpathian,9.56,0,37.33,19.6,625
38745940,Temple,Carpathian,9.56,0.5,37.33,19.6,625
39890654,Temple,Carpathian,9.56,0.1,37.33,19.6,625
40502794,Temple,Carpathian,9.56,0.2,37.33,19.6,625
44601846,Temple,Carpathian,9.56,0,37.33,19.6,625
48012918,Temple,Carpathian,9.56,0.9,37.33,19.6,625
52730405,Temple,Carpathian,9.56,0.5,37.33,19.6,625
52785670,Temple,Carpathian,9.56,0.7,37.33,19.6,625
53036046,Temple,Carpathian,9.56,0.3,37.33,19.6,625
54159962,Temple,Carpathian,9.56,0.1,37.33,19.6,625
54932842,Temple,Carpathian,9.56,0,37.33,19.6,625
67583912,Temple,Carpathian,9.56,0,37.33,19.6,625
68114626,Temple,Carpathian,9.56,0,37.33,19.6,625
69326548,Temple,Carpathian,9.56,1,37.33,19.6,625
74051638,Temple,Carpathian,9.56,0,37.33,19.6,625
81005167,Temple,Carpathian,9.56,0.2,37.33,19.6,625
81643024,Temple,Carpathian,9.56,0.75,37.33,19.6,625
82317551,Temple,Carpathian,9.56,0,37.33,19.6,625
82533936,Temple,Carpathian,9.56,0.375,37.33,19.6,625
99139941,Temple,Carpathian,9.56,0.3,37.33,19.6,625
102132871,Temple,Carpathian,9.56,1,37.33,19.6,625
107840781,Temple,Carpathian,9.56,0.3,37.33,19.6,625
841602,Thurlow,Carpathian,9.63,0,37.66,19.7,605
2699144,Thurlow,Carpathian,9.63,0,37.66,19.7,605
3439733,Thurlow,Carpathian,9.63,0.142857,37.66,19.7,605
7209439,Thurlow,Carpathian,9.63,0.214286,37.66,19.7,605
8291790,Thurlow,Carpathian,9.63,0,37.66,19.7,605
11054236,Thurlow,Carpathian,9.63,0.428571,37.66,19.7,605
11544851,Thurlow,Carpathian,9.63,0.214286,37.66,19.7,605
11730988,Thurlow,Carpathian,9.63,0.285714,37.66,19.7,605
14117051,Thurlow,Carpathian,9.63,0.142857,37.66,19.7,605
14673031,Thurlow,Carpathian,9.63,0.0714286,37.66,19.7,605
16135083,Thurlow,Carpathian,9.63,1,37.66,19.7,605
17165810,Thurlow,Carpathian,9.63,0,37.66,19.7,605
20002601,Thurlow,Carpathian,9.63,0.928571,37.66,19.7,605
21001574,Thurlow,Carpathian,9.63,0.0714286,37.66,19.7,605
22879170,Thurlow,Carpathian,9.63,0,37.66,19.7,605
24828269,Thurlow,Carpathian,9.63,0.214286,37.66,19.7,605
25409736,Thurlow,Carpathian,9.63,0.142857,37.66,19.7,605
25466668,Thurlow,Carpathian,9.63,0.0714286,37.66,19.7,605
28649066,Thurlow,Carpathian,9.63,0.833333,37.66,19.7,605
29686146,Thurlow,Carpathian,9.63,0.142857,37.66,19.7,605
30416119,Thurlow,Carpathian,9.63,0,37.66,19.7,605
30539186,Thurlow,Carpathian,9.63,0,37.66,19.7,605
31502550,Thurlow,Carpathian,9.63,0,37.66,19.7,605
32393856,Thurlow,Carpathian,9.63,0.785714,37.66,19.7,605
33072924,Thurlow,Carpathian,9.63,0.0714286,37.66,19.7,605
35067868,Thurlow,Carpathian,9.63,0.0714286,37.66,19.7,605
38745940,Thurlow,Carpathian,9.63,0,37.66,19.7,605
39890654,Thurlow,Carpathian,9.63,0.357143,37.66,19.7,605
40502794,Thurlow,Carpathian,9.63,0.285714,37.66,19.7,605
44601846,Thurlow,Carpathian,9.63,0.142857,37.66,19.7,605
48012918,Thurlow,Carpathian,9.63,0.785714,37.66,19.7,605
52730405,Thurlow,Carpathian,9.63,0.285714,37.66,19.7,605
52785670,Thurlow,Carpathian,9.63,0.5,37.66,19.7,605
53036046,Thurlow,Carpathian,9.63,0.142857,37.66,19.7,605
54159962,Thurlow,Carpathian,9.63,0.0714286,37.66,19.7,605
54932842,Thurlow,Carpathian,9.63,0,37.66,19.7,605
67583912,Thurlow,Carpathian,9.63,0,37.66,19.7,605
68114626,Thurlow,Carpathian,9.63,0,37.66,19.7,605
69326548,Thurlow,Carpathian,9.63,0.785714,37.66,19.7,605
74051638,Thurlow,Carpathian,9.63,0.0714286,37.66,19.7,605
81005167,Thurlow,Carpathian,9.63,0.0714286,37.66,19.7,605
81643024,Thurlow,Carpathian,9.63,0.357143,37.66,19.7,605
82317551,Thurlow,Carpathian,9.63,0,37.66,19.7,605
82533936,Thurlow,Carpathian,9.63,0.785714,37.66,19.7,605
99139941,Thurlow,Carpathian,9.63,0.142857,37.66,19.7,605
102132871,Thurlow,Carpathian,9.63,0.928571,37.66,19.7,605
107840781,Thurlow,Carpathian,9.63,0.285714,37.66,19.7,605
841602,Trebartha,Carpathian,10,0,39.71,18.5,1098
2699144,Trebartha,Carpathian,10,0,39.71,18.5,1098
3439733,Trebartha,Carpathian,10,0,39.71,18.5,1098
7209439,Trebartha,Carpathian,10,0.25,39.71,18.5,1098
8291790,Trebartha,Carpathian,10,0.666667,39.71,18.5,1098
11054236,Trebartha,Carpathian,10,0.375,39.71,18.5,1098
11544851,Trebartha,Carpathian,10,0.125,39.71,18.5,1098
11730988,Trebartha,Carpathian,10,0.375,39.71,18.5,1098
14117051,Trebartha,Carpathian,10,0.125,39.71,18.5,1098
14673031,Trebartha,Carpathian,10,0.25,39.71,18.5,1098
16135083,Trebartha,Carpathian,10,1,39.71,18.5,1098
17165810,Trebartha,Carpathian,10,0,39.71,18.5,1098
20002601,Trebartha,Carpathian,10,0.875,39.71,18.5,1098
21001574,Trebartha,Carpathian,10,0.25,39.71,18.5,1098
22879170,Trebartha,Carpathian,10,0.125,39.71,18.5,1098
24828269,Trebartha,Carpathian,10,0.5,39.71,18.5,1098
25409736,Trebartha,Carpathian,10,0.125,39.71,18.5,1098
25466668,Trebartha,Carpathian,10,0.25,39.71,18.5,1098
28649066,Trebartha,Carpathian,10,0.625,39.71,18.5,1098
29686146,Trebartha,Carpathian,10,0.375,39.71,18.5,1098
30416119,Trebartha,Carpathian,10,0.125,39.71,18.5,1098
30539186,Trebartha,Carpathian,10,0.125,39.71,18.5,1098
31502550,Trebartha,Carpathian,10,0,39.71,18.5,1098
32393856,Trebartha,Carpathian,10,0.5,39.71,18.5,1098
33072924,Trebartha,Carpathian,10,0.375,39.71,18.5,1098
35067868,Trebartha,Carpathian,10,0,39.71,18.5,1098
38745940,Trebartha,Carpathian,10,0.125,39.71,18.5,1098
39890654,Trebartha,Carpathian,10,0.25,39.71,18.5,1098
40502794,Trebartha,Carpathian,10,0,39.71,18.5,1098
44601846,Trebartha,Carpathian,10,0.125,39.71,18.5,1098
48012918,Trebartha,Carpathian,10,0,39.71,18.5,1098
52730405,Trebartha,Carpathian,10,0,39.71,18.5,1098
52785670,Trebartha,Carpathian,10,0.625,39.71,18.5,1098
53036046,Trebartha,Carpathian,10,0.375,39.71,18.5,1098
54159962,Trebartha,Carpathian,10,0.25,39.71,18.5,1098
54932842,Trebartha,Carpathian,10,0,39.71,18.5,1098
67583912,Trebartha,Carpathian,10,0.25,39.71,18.5,1098
68114626,Trebartha,Carpathian,10,0.875,39.71,18.5,1098
69326548,Trebartha,Carpathian,10,0.875,39.71,18.5,1098
74051638,Trebartha,Carpathian,10,0.25,39.71,18.5,1098
81005167,Trebartha,Carpathian,10,0,39.71,18.5,1098
81643024,Trebartha,Carpathian,10,0.5,39.71,18.5,1098
82317551,Trebartha,Carpathian,10,0.375,39.71,18.5,1098
82533936,Trebartha,Carpathian,10,0.625,39.71,18.5,1098
99139941,Trebartha,Carpathian,10,0.5,39.71,18.5,1098
102132871,Trebartha,Carpathian,10,0.875,39.71,18.5,1098
107840781,Trebartha,Carpathian,10,0,39.71,18.5,1098
841602,Wales,Carpathian,9.7,0.214286,37.7,17.9,1188.8
2699144,Wales,Carpathian,9.7,0,37.7,17.9,1188.8
3439733,Wales,Carpathian,9.7,0.25,37.7,17.9,1188.8
7209439,Wales,Carpathian,9.7,0.214286,37.7,17.9,1188.8
8291790,Wales,Carpathian,9.7,0.0714286,37.7,17.9,1188.8
11054236,Wales,Carpathian,9.7,0.25,37.7,17.9,1188.8
11544851,Wales,Carpathian,9.7,0.142857,37.7,17.9,1188.8
11730988,Wales,Carpathian,9.7,0.214286,37.7,17.9,1188.8
14117051,Wales,Carpathian,9.7,0.25,37.7,17.9,1188.8
14673031,Wales,Carpathian,9.7,0.4375,37.7,17.9,1188.8
16135083,Wales,Carpathian,9.7,0.5,37.7,17.9,1188.8
17165810,Wales,Carpathian,9.7,0.0625,37.7,17.9,1188.8
20002601,Wales,Carpathian,9.7,0.625,37.7,17.9,1188.8
21001574,Wales,Carpathian,9.7,0.125,37.7,17.9,1188.8
22879170,Wales,Carpathian,9.7,0,37.7,17.9,1188.8
24828269,Wales,Carpathian,9.7,0.142857,37.7,17.9,1188.8
25409736,Wales,Carpathian,9.7,0.0625,37.7,17.9,1188.8
25466668,Wales,Carpathian,9.7,0.1875,37.7,17.9,1188.8
28649066,Wales,Carpathian,9.7,0.75,37.7,17.9,1188.8
29686146,Wales,Carpathian,9.7,0.0625,37.7,17.9,1188.8
30416119,Wales,Carpathian,9.7,0.1875,37.7,17.9,1188.8
30539186,Wales,Carpathian,9.7,0,37.7,17.9,1188.8
31502550,Wales,Carpathian,9.7,0.0625,37.7,17.9,1188.8
32393856,Wales,Carpathian,9.7,0.25,37.7,17.9,1188.8
33072924,Wales,Carpathian,9.7,0,37.7,17.9,1188.8
35067868,Wales,Carpathian,9.7,0,37.7,17.9,1188.8
38745940,Wales,Carpathian,9.7,0.125,37.7,17.9,1188.8
39890654,Wales,Carpathian,9.7,0.125,37.7,17.9,1188.8
40502794,Wales,Carpathian,9.7,0.4375,37.7,17.9,1188.8
44601846,Wales,Carpathian,9.7,0.375,37.7,17.9,1188.8
48012918,Wales,Carpathian,9.7,0,37.7,17.9,1188.8
52730405,Wales,Carpathian,9.7,0,37.7,17.9,1188.8
52785670,Wales,Carpathian,9.7,0.0625,37.7,17.9,1188.8
53036046,Wales,Carpathian,9.7,0.3125,37.7,17.9,1188.8
54159962,Wales,Carpathian,9.7,0.125,37.7,17.9,1188.8
54932842,Wales,Carpathian,9.7,0.0625,37.7,17.9,1188.8
67583912,Wales,Carpathian,9.7,0,37.7,17.9,1188.8
68114626,Wales,Carpathian,9.7,0.1875,37.7,17.9,1188.8
69326548,Wales,Carpathian,9.7,0.4375,37.7,17.9,1188.8
74051638,Wales,Carpathian,9.7,0.285714,37.7,17.9,1188.8
81005167,Wales,Carpathian,9.7,0.125,37.7,17.9,1188.8
81643024,Wales,Carpathian,9.7,0.125,37.7,17.9,1188.8
82317551,Wales,Carpathian,9.7,0.4375,37.7,17.9,1188.8
82533936,Wales,Carpathian,9.7,0.3125,37.7,17.9,1188.8
99139941,Wales,Carpathian,9.7,0.214286,37.7,17.9,1188.8
102132871,Wales,Carpathian,9.7,0.75,37.7,17.9,1188.8
107840781,Wales,Carpathian,9.7,0.0625,37.7,17.9,1188.8
841602,Wicken,Carpathian,10,0,39.03,20.2,556.6
2699144,Wicken,Carpathian,10,0,39.03,20.2,556.6
3439733,Wicken,Carpathian,10,0.1,39.03,20.2,556.6
7209439,Wicken,Carpathian,10,0.166667,39.03,20.2,556.6
8291790,Wicken,Carpathian,10,0.0833333,39.03,20.2,556.6
11054236,Wicken,Carpathian,10,0.416667,39.03,20.2,556.6
11544851,Wicken,Carpathian,10,0,39.03,20.2,556.6
11730988,Wicken,Carpathian,10,0.0833333,39.03,20.2,556.6
14117051,Wicken,Carpathian,10,0.333333,39.03,20.2,556.6
14673031,Wicken,Carpathian,10,0.166667,39.03,20.2,556.6
16135083,Wicken,Carpathian,10,1,39.03,20.2,556.6
17165810,Wicken,Carpathian,10,0,39.03,20.2,556.6
20002601,Wicken,Carpathian,10,0.666667,39.03,20.2,556.6
21001574,Wicken,Carpathian,10,0.25,39.03,20.2,556.6
22879170,Wicken,Carpathian,10,0,39.03,20.2,556.6
24828269,Wicken,Carpathian,10,0.25,39.03,20.2,556.6
25409736,Wicken,Carpathian,10,0.083333,39.03,20.2,556.6
25466668,Wicken,Carpathian,10,0.25,39.03,20.2,556.6
28649066,Wicken,Carpathian,10,0.666667,39.03,20.2,556.6
29686146,Wicken,Carpathian,10,0.5,39.03,20.2,556.6
30416119,Wicken,Carpathian,10,0.0833333,39.03,20.2,556.6
30539186,Wicken,Carpathian,10,0.333333,39.03,20.2,556.6
31502550,Wicken,Carpathian,10,0,39.03,20.2,556.6
32393856,Wicken,Carpathian,10,0.5,39.03,20.2,556.6
33072924,Wicken,Carpathian,10,0.0833333,39.03,20.2,556.6
35067868,Wicken,Carpathian,10,0,39.03,20.2,556.6
38745940,Wicken,Carpathian,10,0.0833333,39.03,20.2,556.6
39890654,Wicken,Carpathian,10,0,39.03,20.2,556.6
40502794,Wicken,Carpathian,10,0.25,39.03,20.2,556.6
44601846,Wicken,Carpathian,10,0.0833333,39.03,20.2,556.6
48012918,Wicken,Carpathian,10,0.75,39.03,20.2,556.6
52730405,Wicken,Carpathian,10,0.25,39.03,20.2,556.6
52785670,Wicken,Carpathian,10,0.25,39.03,20.2,556.6
53036046,Wicken,Carpathian,10,0,39.03,20.2,556.6
54159962,Wicken,Carpathian,10,0.0833333,39.03,20.2,556.6
54932842,Wicken,Carpathian,10,0,39.03,20.2,556.6
67583912,Wicken,Carpathian,10,0,39.03,20.2,556.6
68114626,Wicken,Carpathian,10,0,39.03,20.2,556.6
69326548,Wicken,Carpathian,10,0.666667,39.03,20.2,556.6
74051638,Wicken,Carpathian,10,0,39.03,20.2,556.6
81005167,Wicken,Carpathian,10,0.166667,39.03,20.2,556.6
81643024,Wicken,Carpathian,10,0.25,39.03,20.2,556.6
82317551,Wicken,Carpathian,10,0,39.03,20.2,556.6
82533936,Wicken,Carpathian,10,0.583333,39.03,20.2,556.6
99139941,Wicken,Carpathian,10,0.25,39.03,20.2,556.6
102132871,Wicken,Carpathian,10,1,39.03,20.2,556.6
107840781,Wicken,Carpathian,10,0.25,39.03,20.2,556.6
747942,Cirencester,Western,9.2,0,38.62,19.2,814.7
1072725,Cirencester,Western,9.2,0.3,38.62,19.2,814.7
6216515,Cirencester,Western,9.2,0,38.62,19.2,814.7
24322395,Cirencester,Western,9.2,0.055556,38.62,19.2,814.7
26858638,Cirencester,Western,9.2,0.555556,38.62,19.2,814.7
29747850,Cirencester,Western,9.2,0.15,38.62,19.2,814.7
32860102,Cirencester,Western,9.2,0.6,38.62,19.2,814.7
39713838,Cirencester,Western,9.2,1,38.62,19.2,814.7
45874759,Cirencester,Western,9.2,0.1,38.62,19.2,814.7
46096620,Cirencester,Western,9.2,0.8,38.62,19.2,814.7
46416209,Cirencester,Western,9.2,0.2,38.62,19.2,814.7
53017354,Cirencester,Western,9.2,0,38.62,19.2,814.7
61388659,Cirencester,Western,9.2,0.05,38.62,19.2,814.7
75194454,Cirencester,Western,9.2,0.05,38.62,19.2,814.7
81386219,Cirencester,Western,9.2,0,38.62,19.2,814.7
87682473,Cirencester,Western,9.2,0.611111,38.62,19.2,814.7
87682502,Cirencester,Western,9.2,0.888889,38.62,19.2,814.7
98780898,Cirencester,Western,9.2,1,38.62,19.2,814.7
98864954,Cirencester,Western,9.2,0.3,38.62,19.2,814.7
747942,Dalby,Western,8.15,0.25,35.7,17.1,747
1072725,Dalby,Western,8.15,0,35.7,17.1,747
6216515,Dalby,Western,8.15,0.928571,35.7,17.1,747
24322395,Dalby,Western,8.15,0.5625,35.7,17.1,747
26858638,Dalby,Western,8.15,0.25,35.7,17.1,747
29747850,Dalby,Western,8.15,0,35.7,17.1,747
32860102,Dalby,Western,8.15,0.625,35.7,17.1,747
39713838,Dalby,Western,8.15,0.785714,35.7,17.1,747
45874759,Dalby,Western,8.15,0,35.7,17.1,747
46096620,Dalby,Western,8.15,0.142857,35.7,17.1,747
46416209,Dalby,Western,8.15,0.25,35.7,17.1,747
53017354,Dalby,Western,8.15,0,35.7,17.1,747
61388659,Dalby,Western,8.15,0.0625,35.7,17.1,747
75194454,Dalby,Western,8.15,0,35.7,17.1,747
81386219,Dalby,Western,8.15,0,35.7,17.1,747
87682473,Dalby,Western,8.15,0.875,35.7,17.1,747
87682502,Dalby,Western,8.15,0.4375,35.7,17.1,747
98780898,Dalby,Western,8.15,0.75,35.7,17.1,747
98864954,Dalby,Western,8.15,0.625,35.7,17.1,747
747942,Diptford,Western,10.21,0.2,40.35,19.1,1040.8
1072725,Diptford,Western,10.21,0,40.35,19.1,1040.8
6216515,Diptford,Western,10.21,0,40.35,19.1,1040.8
24322395,Diptford,Western,10.21,0.1,40.35,19.1,1040.8
26858638,Diptford,Western,10.21,0.65,40.35,19.1,1040.8
29747850,Diptford,Western,10.21,0.2,40.35,19.1,1040.8
32860102,Diptford,Western,10.21,0.5,40.35,19.1,1040.8
39713838,Diptford,Western,10.21,0.95,40.35,19.1,1040.8
45874759,Diptford,Western,10.21,0.25,40.35,19.1,1040.8
46096620,Diptford,Western,10.21,0.65,40.35,19.1,1040.8
46416209,Diptford,Western,10.21,0.25,40.35,19.1,1040.8
53017354,Diptford,Western,10.21,0.333333,40.35,19.1,1040.8
61388659,Diptford,Western,10.21,0.15,40.35,19.1,1040.8
75194454,Diptford,Western,10.21,0,40.35,19.1,1040.8
81386219,Diptford,Western,10.21,0.05,40.35,19.1,1040.8
87682473,Diptford,Western,10.21,0.944444,40.35,19.1,1040.8
87682502,Diptford,Western,10.21,0,40.35,19.1,1040.8
98780898,Diptford,Western,10.21,0.85,40.35,19.1,1040.8
98864954,Diptford,Western,10.21,0.7,40.35,19.1,1040.8
747942,Doncaster,Western,9.55,0,38.34,19.6,593.5
1072725,Doncaster,Western,9.55,0.0555556,38.34,19.6,593.5
6216515,Doncaster,Western,9.55,0.95,38.34,19.6,593.5
24322395,Doncaster,Western,9.55,0.15,38.34,19.6,593.5
26858638,Doncaster,Western,9.55,0.3,38.34,19.6,593.5
29747850,Doncaster,Western,9.55,0.6,38.34,19.6,593.5
32860102,Doncaster,Western,9.55,0.777778,38.34,19.6,593.5
39713838,Doncaster,Western,9.55,0.666667,38.34,19.6,593.5
45874759,Doncaster,Western,9.55,0.15,38.34,19.6,593.5
46096620,Doncaster,Western,9.55,0.45,38.34,19.6,593.5
46416209,Doncaster,Western,9.55,0.1,38.34,19.6,593.5
53017354,Doncaster,Western,9.55,0,38.34,19.6,593.5
61388659,Doncaster,Western,9.55,0.05,38.34,19.6,593.5
75194454,Doncaster,Western,9.55,0.35,38.34,19.6,593.5
81386219,Doncaster,Western,9.55,0.15,38.34,19.6,593.5
87682473,Doncaster,Western,9.55,1,38.34,19.6,593.5
87682502,Doncaster,Western,9.55,0.8,38.34,19.6,593.5
98780898,Doncaster,Western,9.55,0.6,38.34,19.6,593.5
98864954,Doncaster,Western,9.55,0.05,38.34,19.6,593.5
747942,Heslington,Western,9.22,0.05,38.68,18.9,588
1072725,Heslington,Western,9.22,0,38.68,18.9,588
6216515,Heslington,Western,9.22,0.9,38.68,18.9,588
24322395,Heslington,Western,9.22,0.55,38.68,18.9,588
26858638,Heslington,Western,9.22,0.1,38.68,18.9,588
29747850,Heslington,Western,9.22,0.166667,38.68,18.9,588
32860102,Heslington,Western,9.22,0.95,38.68,18.9,588
39713838,Heslington,Western,9.22,0.85,38.68,18.9,588
45874759,Heslington,Western,9.22,0,38.68,18.9,588
46096620,Heslington,Western,9.22,0.0555556,38.68,18.9,588
46416209,Heslington,Western,9.22,0.15,38.68,18.9,588
53017354,Heslington,Western,9.22,0,38.68,18.9,588
61388659,Heslington,Western,9.22,0.1,38.68,18.9,588
75194454,Heslington,Western,9.22,0.0555556,38.68,18.9,588
81386219,Heslington,Western,9.22,0.05,38.68,18.9,588
87682473,Heslington,Western,9.22,1,38.68,18.9,588
87682502,Heslington,Western,9.22,0.85,38.68,18.9,588
98780898,Heslington,Western,9.22,0.25,38.68,18.9,588
98864954,Heslington,Western,9.22,0.05,38.68,18.9,588
747942,Hill,Western,9.96,0.166667,39.37,18.4,1120
1072725,Hill,Western,9.96,0.166667,39.37,18.4,1120
6216515,Hill,Western,9.96,0,39.37,18.4,1120
24322395,Hill,Western,9.96,0.166667,39.37,18.4,1120
26858638,Hill,Western,9.96,0.833333,39.37,18.4,1120
29747850,Hill,Western,9.96,0.333333,39.37,18.4,1120
32860102,Hill,Western,9.96,0.166667,39.37,18.4,1120
39713838,Hill,Western,9.96,0.833333,39.37,18.4,1120
45874759,Hill,Western,9.96,0.5,39.37,18.4,1120
46096620,Hill,Western,9.96,0.833333,39.37,18.4,1120
46416209,Hill,Western,9.96,0.333333,39.37,18.4,1120
53017354,Hill,Western,9.96,0,39.37,18.4,1120
61388659,Hill,Western,9.96,0.333333,39.37,18.4,1120
75194454,Hill,Western,9.96,0,39.37,18.4,1120
81386219,Hill,Western,9.96,0,39.37,18.4,1120
87682473,Hill,Western,9.96,0.833333,39.37,18.4,1120
87682502,Hill,Western,9.96,0,39.37,18.4,1120
98780898,Hill,Western,9.96,0.833333,39.37,18.4,1120
98864954,Hill,Western,9.96,0.833333,39.37,18.4,1120
747942,Lizard,Western,10.89,0.65,37.51,18.4,1055
1072725,Lizard,Western,10.89,0.05,37.51,18.4,1055
6216515,Lizard,Western,10.89,0.0555556,37.51,18.4,1055
24322395,Lizard,Western,10.89,0.15,37.51,18.4,1055
26858638,Lizard,Western,10.89,0.95,37.51,18.4,1055
29747850,Lizard,Western,10.89,0.55,37.51,18.4,1055
32860102,Lizard,Western,10.89,0,37.51,18.4,1055
39713838,Lizard,Western,10.89,0.5,37.51,18.4,1055
45874759,Lizard,Western,10.89,0.8,37.51,18.4,1055
46096620,Lizard,Western,10.89,0.9,37.51,18.4,1055
46416209,Lizard,Western,10.89,0.95,37.51,18.4,1055
53017354,Lizard,Western,10.89,0.7,37.51,18.4,1055
61388659,Lizard,Western,10.89,0.35,37.51,18.4,1055
75194454,Lizard,Western,10.89,0.666667,37.51,18.4,1055
81386219,Lizard,Western,10.89,0.8,37.51,18.4,1055
87682473,Lizard,Western,10.89,0.15,37.51,18.4,1055
87682502,Lizard,Western,10.89,0,37.51,18.4,1055
98780898,Lizard,Western,10.89,1,37.51,18.4,1055
98864954,Lizard,Western,10.89,1,37.51,18.4,1055
747942,Maud,Western,8.04,0.555556,39.61,16.8,790
1072725,Maud,Western,8.04,0.888889,39.61,16.8,790
6216515,Maud,Western,8.04,0,39.61,16.8,790
24322395,Maud,Western,8.04,0.833333,39.61,16.8,790
26858638,Maud,Western,8.04,0.166667,39.61,16.8,790
29747850,Maud,Western,8.04,1,39.61,16.8,790
32860102,Maud,Western,8.04,0,39.61,16.8,790
39713838,Maud,Western,8.04,0,39.61,16.8,790
45874759,Maud,Western,8.04,0,39.61,16.8,790
46096620,Maud,Western,8.04,0,39.61,16.8,790
46416209,Maud,Western,8.04,0.833333,39.61,16.8,790
53017354,Maud,Western,8.04,0.777778,39.61,16.8,790
61388659,Maud,Western,8.04,0.888889,39.61,16.8,790
75194454,Maud,Western,8.04,0.722222,39.61,16.8,790
81386219,Maud,Western,8.04,0.444444,39.61,16.8,790
87682473,Maud,Western,8.04,0,39.61,16.8,790
87682502,Maud,Western,8.04,0,39.61,16.8,790
98780898,Maud,Western,8.04,0.111111,39.61,16.8,790
98864954,Maud,Western,8.04,0.0555556,39.61,16.8,790
747942,Roslin,Western,8.27,0.4,38.95,17.6,719.6
1072725,Roslin,Western,8.27,0,38.95,17.6,719.6
6216515,Roslin,Western,8.27,0,38.95,17.6,719.6
24322395,Roslin,Western,8.27,0.7,38.95,17.6,719.6
26858638,Roslin,Western,8.27,0.05,38.95,17.6,719.6
29747850,Roslin,Western,8.27,0.2,38.95,17.6,719.6
32860102,Roslin,Western,8.27,0.85,38.95,17.6,719.6
39713838,Roslin,Western,8.27,0.8,38.95,17.6,719.6
45874759,Roslin,Western,8.27,0,38.95,17.6,719.6
46096620,Roslin,Western,8.27,0,38.95,17.6,719.6
46416209,Roslin,Western,8.27,0.444444,38.95,17.6,719.6
53017354,Roslin,Western,8.27,0.2,38.95,17.6,719.6
61388659,Roslin,Western,8.27,0.8,38.95,17.6,719.6
75194454,Roslin,Western,8.27,0.222222,38.95,17.6,719.6
81386219,Roslin,Western,8.27,0,38.95,17.6,719.6
87682473,Roslin,Western,8.27,0.9,38.95,17.6,719.6
87682502,Roslin,Western,8.27,0,38.95,17.6,719.6
98780898,Roslin,Western,8.27,0.0555556,38.95,17.6,719.6
98864954,Roslin,Western,8.27,0,38.95,17.6,719.6
747942,Temple,Western,9.56,0,37.33,19.6,625
1072725,Temple,Western,9.56,0.625,37.33,19.6,625
6216515,Temple,Western,9.56,0,37.33,19.6,625
24322395,Temple,Western,9.56,0,37.33,19.6,625
26858638,Temple,Western,9.56,0.8,37.33,19.6,625
29747850,Temple,Western,9.56,0.1,37.33,19.6,625
32860102,Temple,Western,9.56,0.4,37.33,19.6,625
39713838,Temple,Western,9.56,0.8,37.33,19.6,625
45874759,Temple,Western,9.56,0.7,37.33,19.6,625
46096620,Temple,Western,9.56,0.875,37.33,19.6,625
46416209,Temple,Western,9.56,0.1,37.33,19.6,625
53017354,Temple,Western,9.56,0,37.33,19.6,625
61388659,Temple,Western,9.56,0,37.33,19.6,625
75194454,Temple,Western,9.56,0,37.33,19.6,625
81386219,Temple,Western,9.56,0,37.33,19.6,625
87682473,Temple,Western,9.56,0.25,37.33,19.6,625
87682502,Temple,Western,9.56,0.833333,37.33,19.6,625
98780898,Temple,Western,9.56,1,37.33,19.6,625
98864954,Temple,Western,9.56,0.375,37.33,19.6,625
747942,Thurlow,Western,9.63,0,37.66,19.7,605
1072725,Thurlow,Western,9.63,0.428571,37.66,19.7,605
6216515,Thurlow,Western,9.63,0,37.66,19.7,605
24322395,Thurlow,Western,9.63,0,37.66,19.7,605
26858638,Thurlow,Western,9.63,0.785714,37.66,19.7,605
29747850,Thurlow,Western,9.63,0.142857,37.66,19.7,605
32860102,Thurlow,Western,9.63,0.428571,37.66,19.7,605
39713838,Thurlow,Western,9.63,0.714286,37.66,19.7,605
45874759,Thurlow,Western,9.63,0.416667,37.66,19.7,605
46096620,Thurlow,Western,9.63,0.857143,37.66,19.7,605
46416209,Thurlow,Western,9.63,0.0714286,37.66,19.7,605
53017354,Thurlow,Western,9.63,0,37.66,19.7,605
61388659,Thurlow,Western,9.63,0.142857,37.66,19.7,605
75194454,Thurlow,Western,9.63,0.285714,37.66,19.7,605
81386219,Thurlow,Western,9.63,0,37.66,19.7,605
87682473,Thurlow,Western,9.63,0.142857,37.66,19.7,605
87682502,Thurlow,Western,9.63,1,37.66,19.7,605
98780898,Thurlow,Western,9.63,1,37.66,19.7,605
98864954,Thurlow,Western,9.63,0.0714286,37.66,19.7,605
747942,Trebartha,Western,10,0,39.71,18.5,1098
1072725,Trebartha,Western,10,0,39.71,18.5,1098
6216515,Trebartha,Western,10,0,39.71,18.5,1098
24322395,Trebartha,Western,10,0,39.71,18.5,1098
26858638,Trebartha,Western,10,0.625,39.71,18.5,1098
29747850,Trebartha,Western,10,0.375,39.71,18.5,1098
32860102,Trebartha,Western,10,0.875,39.71,18.5,1098
39713838,Trebartha,Western,10,0.75,39.71,18.5,1098
45874759,Trebartha,Western,10,0.375,39.71,18.5,1098
46096620,Trebartha,Western,10,0.666667,39.71,18.5,1098
46416209,Trebartha,Western,10,0.5,39.71,18.5,1098
53017354,Trebartha,Western,10,0,39.71,18.5,1098
61388659,Trebartha,Western,10,0.5,39.71,18.5,1098
75194454,Trebartha,Western,10,0.125,39.71,18.5,1098
81386219,Trebartha,Western,10,0.125,39.71,18.5,1098
87682473,Trebartha,Western,10,0.875,39.71,18.5,1098
87682502,Trebartha,Western,10,0,39.71,18.5,1098
98780898,Trebartha,Western,10,0.875,39.71,18.5,1098
98864954,Trebartha,Western,10,0.875,39.71,18.5,1098
747942,Wales,Western,9.7,0.0714286,37.7,17.9,1188.8
1072725,Wales,Western,9.7,0.0714286,37.7,17.9,1188.8
6216515,Wales,Western,9.7,0,37.7,17.9,1188.8
24322395,Wales,Western,9.7,0.375,37.7,17.9,1188.8
26858638,Wales,Western,9.7,0.5625,37.7,17.9,1188.8
29747850,Wales,Western,9.7,0.1875,37.7,17.9,1188.8
32860102,Wales,Western,9.7,0.5625,37.7,17.9,1188.8
39713838,Wales,Western,9.7,0.25,37.7,17.9,1188.8
45874759,Wales,Western,9.7,0.25,37.7,17.9,1188.8
46096620,Wales,Western,9.7,0.375,37.7,17.9,1188.8
46416209,Wales,Western,9.7,0.0625,37.7,17.9,1188.8
53017354,Wales,Western,9.7,0,37.7,17.9,1188.8
61388659,Wales,Western,9.7,0,37.7,17.9,1188.8
75194454,Wales,Western,9.7,0,37.7,17.9,1188.8
81386219,Wales,Western,9.7,0,37.7,17.9,1188.8
87682473,Wales,Western,9.7,1,37.7,17.9,1188.8
87682502,Wales,Western,9.7,0.9375,37.7,17.9,1188.8
98780898,Wales,Western,9.7,1,37.7,17.9,1188.8
98864954,Wales,Western,9.7,0.8125,37.7,17.9,1188.8
747942,Wicken,Western,10,0,39.03,20.2,556.6
1072725,Wicken,Western,10,0.5,39.03,20.2,556.6
6216515,Wicken,Western,10,0,39.03,20.2,556.6
24322395,Wicken,Western,10,0,39.03,20.2,556.6
26858638,Wicken,Western,10,1,39.03,20.2,556.6
29747850,Wicken,Western,10,0.3,39.03,20.2,556.6
32860102,Wicken,Western,10,0.5,39.03,20.2,556.6
39713838,Wicken,Western,10,0.75,39.03,20.2,556.6
45874759,Wicken,Western,10,0.25,39.03,20.2,556.6
46096620,Wicken,Western,10,0.833333,39.03,20.2,556.6
46416209,Wicken,Western,10,0.166667,39.03,20.2,556.6
53017354,Wicken,Western,10,0,39.03,20.2,556.6
61388659,Wicken,Western,10,0,39.03,20.2,556.6
75194454,Wicken,Western,10,0.166667,39.03,20.2,556.6
81386219,Wicken,Western,10,0,39.03,20.2,556.6
87682473,Wicken,Western,10,0.416667,39.03,20.2,556.6
87682502,Wicken,Western,10,1,39.03,20.2,556.6
98780898,Wicken,Western,10,1,39.03,20.2,556.6
98864954,Wicken,Western,10,0.5,39.03,20.2,556.6